institute_id,institute_name,theory_typology,theory_typology_confidence,theory_typology_borderline,low_volume_flag,security_signal,economic_signal,dominant_domain,overall_rival_share,overall_collaborator_share,overall_neutral_share,overall_oriented_share,overall_rival_among_oriented,overall_collaborator_among_oriented,security_strategy_rival_share,security_strategy_collaborator_share,economy_trade_collaborator_share,science_technology_collaborator_share,governance_law_rival_share,society_culture_collaborator_share,is_security_hawk,is_economic_or_sti_pragmatist,is_selective_engager,is_dual_track_institute,is_broad_neutral_analyst,region,country,organization_type,institute_type_category,parent_institution,funding_source_if_available,china_focus_area,publication_indexed_share,china_coauthorship_share,policy_output_share,confucius_institute_present,confucius_institute_closed,ci_closure_year,china_funding_present,china_funding_type,china_university_partner,joint_chinese_center,china_agenda_dependence,director_name,director_start_year,director_end_year,director_background_type,director_security_policy_background,director_china_academic_background,director_prior_affiliation_china,director_change_year,director_change_post_ci_closure,year_established,region_collapsed,region_europe,region_asia_pacific,region_latin_america,policy_think_tank,program_or_network,university_embedded,funding_disclosed,philanthropic_funding,government_funding,year_established_unknown,founded_since_2010,year_established_centered
21st_century_china_center,21st Century China Center,security_hawks,0.0,True,False,0.01898,0.009767,security_strategy,0.02552,0.016171,0.95831,0.041691,0.612123,0.387877,3.435458,0.491402,0.682986,1.364259,0.124953,0.29227,1,0,0,0,0,North America,United States,University policy research center,policy / think tank,University of California San Diego,Joe and Clara Tsai Foundation major gift/endowment; UC San Diego,"Chinese politics, economy, society, US-China relations",,,,,,,,,,,,,,,,,,,,,2011.0,North America,0,0,0,1,0,1,1,1,0,0,1,0.5
asia_institute_china_related_programs,Asia Institute (China-related programs),broad_neutral_analysts,0.256818,False,False,0.000628,0.007793,society_culture,0.008073,0.047289,0.944638,0.055362,0.145822,0.854178,0.081069,0.247001,1.365117,0.161173,0.1494079999999999,1.326502,0,0,0,0,1,Oceania,Australia,University institute,academic center / institute,University of Melbourne,,Asian studies incl. China,,,,,,,,,,,,,,,,,,,,,,Asia-Pacific,0,1,0,0,0,1,0,0,0,1,0,0.0
asia_pacific_center_china_related_programs,Asia Pacific Center (China-related programs),broad_neutral_analysts,0.305303,False,False,7.3e-05,0.000264,society_culture,0.004322,0.02077,0.974909,0.025092,0.172246,0.827754,0.003443,0.165158,0.0,0.027811,0.0,0.542381,0,0,0,0,1,North America,United States,University center,academic center / institute,"University of California, Los Angeles",,Asia-Pacific studies incl. China,,,,,,,,,,,,,,,,,,,,,,North America,0,0,0,0,0,1,0,0,0,1,0,0.0
asia_pacific_studies_institute_china_related_work,Asia/Pacific Studies Institute (China-related work),economic_or_sti_pragmatists,0.296591,False,False,0.0,0.073385,science_technology,0.0,0.115318,0.884682,0.115318,0.0,1.0,0.0,1.3968,0.7535970000000001,2.842286,0.0,0.657895,0,1,0,0,0,North America,United States,University institute,academic center / institute,Duke University,,Asia-Pacific studies incl. China,,,,,,,,,,,,,,,,,,,,,,North America,0,0,0,0,0,1,0,0,0,1,0,0.0
australia_china_relations_institute,Australia-China Relations Institute,selective_engagers,0.0,True,False,0.009321,0.018919,security_strategy,0.017732,0.05662,0.925648,0.074352,0.238487,0.761513,2.619163,6.262992,3.277182,1.116753,0.260236,2.650055,0,0,1,0,0,Oceania,Australia,Policy institute,policy / think tank,University of Technology Sydney,,"Australia-China relations, policy, business, society",,,,,,,,,,,,,,,,,,,,,2014.0,Asia-Pacific,0,1,0,1,0,1,0,0,0,0,1,3.5
australian_centre_on_china_in_the_world,Australian Centre on China in the World,broad_neutral_analysts,0.11591,False,False,0.0,0.011992,society_culture,0.0,0.069712,0.930288,0.069712,0.0,1.0,0.0,0.510675,0.407744,0.0,0.0,1.244929,0,0,0,0,1,Oceania,Australia,University research center,academic center / institute,Australian National University,,"China in the world, history, society, politics",,,,,,,,,,,,,,,,,,,,,2010.0,Asia-Pacific,0,1,0,0,0,1,0,0,0,0,1,-0.5
cambridge_centre_for_chinese_management,Cambridge Centre for Chinese Management,economic_or_sti_pragmatists,0.05,True,False,0.013466,0.026989,science_technology,0.032089,0.038338,0.929573,0.070427,0.455635,0.544365,0.713713,0.062215,0.565206,0.888428,0.178389,0.295632,0,1,0,0,0,Europe,United Kingdom,University research center,academic center / institute,University of Cambridge / Cambridge Judge Business School,,"Chinese firms, management, innovation, internationalisation",,,,,,,,,,,,,,,,,,,,,2000.0,Europe,1,0,0,0,0,1,0,0,0,0,0,-10.5
carnegie_china,Carnegie China,security_hawks,0.066666,True,False,0.003535,0.003859,economy_trade,0.065032,0.031602,0.903366,0.096634,0.672972,0.327028,0.106041,0.35772,0.493958,0.025815,0.001936,0.036041,1,0,0,0,0,Asia / Global,China / Global,Think tank center,policy / think tank,Carnegie Endowment for International Peace,,China and international affairs,,,,,,,,,,,,,,,,,,,,,2010.0,Asia-Pacific,0,1,0,1,0,0,0,0,0,0,1,-0.5
center_for_asian_studies_china_related_work,Center for Asian Studies (China-related work),security_hawks,0.542424,False,False,0.079402,0.00056,security_strategy,0.098125,0.037153,0.864722,0.135278,0.725358,0.274642,5.161116,1.231609,0.012894,0.128939,0.7563310000000001,0.077363,1,0,0,0,0,North America,United States,University center,academic center / institute,The University of Texas at Austin,,Asian studies incl. China,,,,,,,,,,,,,,,,,,,,,,North America,0,0,0,0,0,1,0,0,0,1,0,0.0
center_for_china_analysis,Center for China Analysis,low_volume_unassigned,0.0,True,True,0.0,0.0,science_technology,0.0,0.0,1.0,0.0,0.0,0.0,0.0,0.0,0.0,0.0,0.0,0.0,0,0,0,0,0,North America / Global,United States / Global,Policy analysis center,policy / think tank,Asia Society Policy Institute,,Contemporary China policy analysis,,,,,,,,,,,,,,,,,,,,,2022.0,Mixed/Other,0,0,0,1,0,0,0,0,0,0,1,11.5
center_for_china_studies,Center for China Studies,low_volume_unassigned,0.0,True,True,0.0,0.0,society_culture,0.0,0.0,1.0,0.0,0.0,0.0,0.0,0.0,0.0,0.0,0.0,0.0,0,0,0,0,0,Asia,Taiwan,Research center,academic center / institute,National Central Library,,Sinology and China studies,,,,,,,,,,,,,,,,,,,,,,Asia-Pacific,0,1,0,0,0,0,0,0,0,1,0,0.0
center_for_chinese_studies,Center for Chinese Studies,economic_or_sti_pragmatists,0.032575,True,False,0.00217,0.021363,society_culture,0.026085,0.059805,0.914109,0.08589,0.303702,0.696298,0.6814279999999999,2.86139,5.396309,2.995645,1.686264,5.100442,0,1,0,0,0,,,,,,,,,,,,,,,,,,,,,,,,,,,,,Mixed/Other,0,0,0,0,0,0,0,0,0,1,0,0.0
center_for_chinese_studies_berkeley,Center for Chinese Studies,selective_engagers,0.002272,True,False,0.00783,0.010148,society_culture,0.018633,0.057707,0.92366,0.07634,0.244079,0.755921,0.555935,2.185866,0.601233,0.298373,0.139457,0.98465,0,0,1,0,0,North America,United States,University research center,academic center / institute,"University of California, Berkeley",,"China studies, humanities and social sciences",,,,,,,,,,,,,,,,,,,,,1957.0,North America,0,0,0,0,0,1,0,0,0,0,0,-53.5
center_for_chinese_studies_hawaii_manoa,Center for Chinese Studies,security_hawks,0.000757,True,False,0.008057,0.003407,society_culture,0.019173,0.051756,0.929071,0.070929,0.270313,0.729687,0.555935,2.185866,0.075194,0.298373,0.139457,0.98465,1,0,0,0,0,North America,United States,University research center,academic center / institute,University of Hawai'i at Mānoa,,"Chinese studies, language, society, politics",,,,,,,,,,,,,,,,,,,,,,North America,0,0,0,0,0,1,0,0,0,1,0,0.0
center_for_chinese_studies_michigan,Center for Chinese Studies,security_hawks,0.000757,True,False,0.008057,0.003407,society_culture,0.019173,0.051756,0.929071,0.070929,0.270313,0.729687,0.555935,2.185866,0.075194,0.298373,0.139457,0.98465,1,0,0,0,0,North America,United States,University research center,academic center / institute,University of Michigan,,"China studies, language, humanities, social sciences",,,,,,,,,,,,,,,,,,,,,1961.0,North America,0,0,0,0,0,1,0,0,0,0,0,-49.5
center_for_east_asian_studies,Center for East Asian Studies,economic_or_sti_pragmatists,0.046969,True,False,0.0,0.009423,society_culture,0.005959,0.077103,0.916938,0.083062,0.071742,0.928258,0.0,0.265393,0.433485,0.104524,0.0,2.616427,0,1,0,0,0,North America,United States,University center,academic center / institute,University of Chicago,,East Asian studies incl. China,,,,,,,,,,,,,,,,,,,,,,North America,0,0,0,0,0,1,0,0,0,1,0,0.0
center_for_international_and_regional_studies_china_related_work,Center for International and Regional Studies (China-related work),broad_neutral_analysts,0.49697,False,False,0.0,0.0,society_culture,0.0,0.0,1.0,0.0,0.0,0.0,0.0,0.0,0.0,0.0,0.0,0.0,0,0,0,0,1,Asia,Japan,University research center,academic center / institute,The University of Tokyo,,Regional studies incl. China,,,,,,,,,,,,,,,,,,,,,,Asia-Pacific,0,1,0,0,0,1,0,0,0,1,0,0.0
center_on_u_s_china_relations,Center on U.S.-China Relations,security_hawks,0.262121,False,False,0.037209,0.013549,security_strategy,0.053849,0.076009,0.870142,0.129858,0.414676,0.585324,5.618636,6.625908,1.171784,1.352945,1.084674,0.363778,1,0,0,0,0,North America,United States,Policy center,policy / think tank,Asia Society,Founded by Arthur Ross,"US-China relations, public diplomacy, exchange",,,,,,,,,,,,,,,,,,,,,2006.0,North America,0,0,0,1,0,0,1,0,0,0,0,-4.5
centre_d_tudes_fran_ais_sur_la_chine_contemporaine_cefc,Centre d'Études Français sur la Chine Contemporaine (CEFC),broad_neutral_analysts,0.215151,False,False,0.00691,0.007971,society_culture,0.01536,0.037484,0.947156,0.052844,0.290667,0.709333,1.782711,2.66836,1.842321,0.687745,0.170163,3.651194,0,0,0,0,1,Europe / Asia,France / Hong Kong,Research center,academic center / institute,French Centre for Research on Contemporary China,,Contemporary China research,,,,,,,,,,,,,,,,,,,,,1997.0,Asia-Pacific,0,1,0,0,0,0,0,0,0,0,0,-13.5
centre_for_china_studies,Centre for China Studies,dual_track_institutes,0.0,True,False,0.031072,0.022898,security_strategy,0.037406,0.094855,0.867739,0.132261,0.28282,0.71718,2.3925460000000003,4.220792,1.269975,0.250931,0.025143,1.000981,0,0,0,1,0,Asia,Hong Kong,University research center,academic center / institute,The Chinese University of Hong Kong,,"China studies, Chinese language, scholarship and education",,,,,,,,,,,,,,,,,,,,,1967.0,Asia-Pacific,0,1,0,0,0,1,0,0,0,0,0,-43.5
china_africa_research_initiative,China Africa Research Initiative,economic_or_sti_pragmatists,0.258333,False,False,8.6e-05,0.128834,economy_trade,0.003207,0.159074,0.837718,0.162281,0.019762,0.980238,0.005019,0.840728,6.829557,0.648523,0.01287,0.41361,0,1,0,0,0,Africa / North America,United States / Africa-focused,Research initiative,,Johns Hopkins SAIS,,"China-Africa relations, loans, investment, policy",,,,,,,,,,,,,,,,,,,,,2014.0,Mixed/Other,0,0,0,0,0,0,0,0,0,0,1,3.5
china_institute,China Institute,selective_engagers,0.0,True,False,0.0,0.019901,security_strategy,0.003032,0.072037,0.924931,0.075069,0.04039,0.95961,0.0,1.908095,0.770396,0.774577,0.112183,1.005651,0,0,1,0,0,,,,,,,,,,,,,,,,,,,,,,,,,,,,,Mixed/Other,0,0,0,0,0,0,0,0,0,1,0,0.0
china_institute_birmingham,China Institute,economic_or_sti_pragmatists,0.049242,True,False,0.005515,0.031279,security_strategy,0.006735,0.090611,0.902654,0.097346,0.069186,0.930814,0.579063,4.50318,1.454621,1.499952,0.0,1.344807,0,1,0,0,0,Europe,United Kingdom,University institute,academic center / institute,University of Birmingham,University + external engagement support,"Chinese interests, funding, research, academic engagement",,,,,,,,,,,,,,,,,,,,,,Europe,1,0,0,0,0,1,1,0,0,1,0,0.0
china_institute_chulalongkorn,China Institute,economic_or_sti_pragmatists,0.04356,True,False,0.005515,0.031279,security_strategy,0.006735,0.090611,0.902654,0.097346,0.069186,0.930814,0.579063,4.50318,1.454621,1.499952,0.0,1.344807,0,1,0,0,0,Asia,Thailand,University institute,academic center / institute,Chulalongkorn University,,China studies and Thailand-China relations,,,,,,,,,,,,,,,,,,,,,,Asia-Pacific,0,1,0,0,0,1,0,0,0,1,0,0.0
china_institute_csun,China Institute,economic_or_sti_pragmatists,0.049242,True,False,0.005515,0.031279,security_strategy,0.006735,0.090611,0.902654,0.097346,0.069186,0.930814,0.579063,4.50318,1.454621,1.499952,0.0,1.344807,0,1,0,0,0,North America,United States,University institute,academic center / institute,"California State University, Northridge",,"U.S.-China cultural exchange, academic collaboration, global understanding",,,,,,,,,,,,,,,,,,,,,,North America,0,0,0,0,0,1,0,0,0,1,0,0.0
china_institute_malaya,China Institute,economic_or_sti_pragmatists,0.049242,True,False,0.005515,0.031281,security_strategy,0.006735,0.090614,0.902651,0.097349,0.069184,0.930816,0.579063,4.50318,1.454621,1.500215,0.0,1.344807,0,1,0,0,0,Asia,Malaysia,University institute,academic center / institute,University of Malaya,,China studies and Malaysia-China relations,,,,,,,,,,,,,,,,,,,,,,Asia-Pacific,0,1,0,0,0,1,0,0,0,1,0,0.0
china_institute_waterloo,China Institute,economic_or_sti_pragmatists,0.04356,True,False,0.005515,0.031279,security_strategy,0.006735,0.090611,0.902654,0.097346,0.069186,0.930814,0.579063,4.50318,1.454621,1.499952,0.0,1.344807,0,1,0,0,0,North America,Canada,University institute,academic center / institute,University of Waterloo,,"China engagement, research, exchange",,,,,,,,,,,,,,,,,,,,,,North America,0,0,0,0,0,1,0,0,0,1,0,0.0
china_matters,China Matters,broad_neutral_analysts,0.253029,False,False,0.002074,0.011197,security_strategy,0.003334,0.014606,0.982059,0.01794,0.185842,0.814158,0.087096,0.094873,0.08833,0.413907,0.006831,0.013086,0,0,0,0,1,Oceania,Australia,Policy organization,policy / think tank,Independent policy organization,,Australia-China policy dialogue,,,,,,,,,,,,,,,,,,,,,2016.0,Asia-Pacific,0,1,0,1,0,0,0,0,0,0,1,5.5
china_policy_institute_cpi_analysis,China Policy Institute / CPI Analysis,broad_neutral_analysts,0.19697,False,False,0.013699,0.012622,economy_trade,0.01773,0.039269,0.943001,0.056999,0.311058,0.688942,5.274078,5.680855,3.573556,1.576275,0.18315,3.0341780000000003,0,0,0,0,1,Europe,United Kingdom,Research institute / analysis platform,academic center / institute,University of Nottingham-linked analysis platform,,"Contemporary China policy, politics, economy",,,,,,,,,,,,,,,,,,,,,2006.0,Europe,1,0,0,0,0,1,0,0,0,0,0,-4.5
china_research_center,China Research Center,low_volume_unassigned,0.0,True,True,0.0,0.0,science_technology,0.0,0.0,1.0,0.0,0.0,0.0,0.0,0.0,0.0,0.0,0.0,0.0,0,0,0,0,0,Asia,South Korea,Research center,academic center / institute,Dongseo University,,China studies and regional issues,,,,,,,,,,,,,,,,,,,,,,Asia-Pacific,0,1,0,0,0,1,0,0,0,1,0,0.0
china_research_centre,China Research Centre,low_volume_unassigned,0.0,True,True,0.0,0.0,security_strategy,0.0,0.0,0.0,0.0,0.0,0.0,0.0,0.0,0.0,0.0,0.0,0.0,0,0,0,0,0,Asia,Japan,Research center,academic center / institute,Kwansei Gakuin University,,Contemporary China research,,,,,,,,,,,,,,,,,,,,,,Asia-Pacific,0,1,0,0,0,1,0,0,0,1,0,0.0
china_studies_centre,China Studies Centre,selective_engagers,0.0,True,False,0.014482,0.015612,security_strategy,0.019506,0.069266,0.911229,0.088772,0.219731,0.780269,2.157857,6.076577,1.852111,0.5926180000000001,0.340111,1.426467,0,0,1,0,0,Oceania,Australia,University research center,academic center / institute,University of Sydney,University endowment + grants,"China-Australia relations, Greater China studies",,,,,,,,,,,,,,,,,,,,,2011.0,Asia-Pacific,0,1,0,0,0,1,1,1,0,0,1,0.5
china_studies_program,China Studies Institute,broad_neutral_analysts,0.256061,False,False,0.0,0.002877,society_culture,0.0,0.024234,0.975766,0.024234,0.0,1.0,0.0,0.2552,0.107309,0.223533,0.0,2.165654,0,0,0,0,1,,,,,,,,,,,,,,,,,,,,,,,,,,,,,Mixed/Other,0,0,0,0,0,0,0,0,0,1,0,0.0
china_studies_institute_yonsei,China Studies Institute,low_volume_unassigned,0.0,True,True,0.0,0.0,society_culture,0.0,0.300165,0.699835,0.300165,0.0,1.0,0.0,0.42604,0.0,0.0,0.0,0.154924,0,0,0,0,0,Asia,South Korea,University institute,academic center / institute,Yonsei University,,China studies,,,,,,,,,,,,,,,,,,,,,,Asia-Pacific,0,1,0,0,0,1,0,0,0,1,0,0.0
china_studies_institute_aascu,China Studies Institute,low_volume_unassigned,0.0,True,True,0.0,0.0,society_culture,0.0,0.0,1.0,0.0,0.0,0.0,0.0,0.0,0.0,0.0,0.0,0.0,0,0,0,0,0,North America / Asia,United States / China,Professional development institute,academic center / institute,American Association of State Colleges and Universities,,"China studies curriculum, faculty development",,,,,,,,,,,,,,,,,,,,,,Asia-Pacific,0,1,0,0,0,0,0,0,0,1,0,0.0
china_studies_institute,China Studies Institute,security_hawks,0.126516,False,False,0.01542,0.0,security_strategy,0.01542,0.053147,0.931433,0.068567,0.22489,0.77511,0.308404,0.888646,0.0,0.0,0.0,0.154924,1,0,0,0,0,,,,,,,,,,,,,,,,,,,,,,,,,,,,,Mixed/Other,0,0,0,0,0,0,0,0,0,1,0,0.0
china_studies_program_chulalongkorn,China Studies Program,low_volume_unassigned,0.0,True,True,0.0,0.0,society_culture,0.045554,0.248631,0.705815,0.294185,0.154848,0.845152,0.289215,0.343868,0.022247,0.5614159999999999,0.0,0.812884,0,0,0,0,0,Asia,Thailand,University program,program / project,Chulalongkorn University,,China studies,,,,,,,,,,,,,,,,,,,,,,Asia-Pacific,0,1,0,0,1,1,0,0,0,1,0,0.0
china_studies_program_washington,China Studies Program,low_volume_unassigned,0.0,True,True,0.0,0.0,society_culture,0.028989,0.15822,0.812792,0.187209,0.154848,0.845152,0.289215,0.343868,0.022247,0.5614159999999999,0.0,0.812884,0,0,0,0,0,North America,United States,University program,program / project,University of Washington,,China studies,,,,,,,,,,,,,,,,,,,,,,North America,0,0,0,0,1,1,0,0,0,1,0,0.0
china_programme_twai,China programme,low_volume_unassigned,0.0,True,True,0.0,0.0,science_technology,0.0,0.120139,0.879861,0.120139,0.0,1.0,0.0,0.081306,0.394749,0.583885,0.0,0.064641,0,0,0,0,0,Europe,Italy,Think tank programme,policy / think tank,Torino World Affairs Institute,,China policy,,,,,,,,,,,,,,,,,,,,,,Europe,1,0,0,1,0,0,0,0,0,1,0,0.0
china_programme_ifri,China programme,low_volume_unassigned,0.0,True,True,0.0,0.0,science_technology,0.0,0.120139,0.879861,0.120139,0.0,1.0,0.0,0.081306,0.394749,0.583885,0.0,0.064641,0,0,0,0,0,Europe,France,Think tank programme,policy / think tank,French Institute of International Relations (Ifri),,China policy and strategy,,,,,,,,,,,,,,,,,,,,,,Europe,1,0,0,1,0,0,0,0,0,1,0,0.0
china_programme,China programme,security_hawks,0.250758,False,False,0.034115,0.014141,security_strategy,0.053841,0.073163,0.872996,0.127004,0.423932,0.576068,0.955207,1.124022,0.551175,0.102896,0.089738,0.051677,1,0,0,0,0,,,,,,,,,,,,,,,,,,,,,,,,,,,,,Mixed/Other,0,0,0,0,0,0,0,0,0,1,0,0.0
china_programs,China programs,economic_or_sti_pragmatists,0.075758,True,False,0.012141,0.039604,economy_trade,0.030922,0.07101,0.898068,0.101932,0.303359,0.696641,0.388524,0.594778,0.84888,0.144676,0.057915,0.0,0,1,0,0,0,Europe,France,Research programme,program / project,Sciences Po,,China politics and international relations,,,,,,,,,,,,,,,,,,,,,,Europe,1,0,0,0,1,0,0,0,0,1,0,0.0
chinese_studies_program,Chinese Studies Program,security_hawks,0.047728,True,False,0.024368,0.002068,society_culture,0.035552,0.033334,0.931114,0.068886,0.516099,0.483901,1.803226,0.069735,0.084757,0.222625,0.517537,1.468221,1,0,0,0,0,North America,Canada,University program,program / project,University of Toronto,,Chinese studies,,,,,,,,,,,,,,,,,,,,,,North America,0,0,0,0,1,1,0,0,0,1,0,0.0
contemporary_china_studies_programme_ccsp,Contemporary China Studies Programme (CCSP),selective_engagers,0.0,True,False,0.00067,0.031902,society_culture,0.014635,0.044013,0.941352,0.058648,0.24954,0.75046,0.053563,0.228512,0.511379,1.718535,0.374942,0.157306,0,0,1,0,0,Europe,United Kingdom,University academic programme,program / project,University of Oxford,,Contemporary China across social sciences,,,,,,,,,,,,,,,,,,,,,2003.0,Europe,1,0,0,0,1,1,0,0,0,0,0,-7.5
cornell_china_center,Cornell China Center,broad_neutral_analysts,0.22197,False,False,0.003737,0.011862,society_culture,0.014069,0.035121,0.95081,0.04919,0.286013,0.713987,0.0896849999999999,0.193962,0.065175,0.283574,0.002547,0.149877,0,0,0,0,1,North America / Asia,United States / China,University China center,academic center / institute,Cornell University,,"Research, teaching, and academic exchange with China",,,,,,,,,,,,,,,,,,,,,2018.0,Asia-Pacific,0,1,0,0,0,1,0,0,0,0,1,7.5
durham_china_centre,Durham China Centre,broad_neutral_analysts,0.316667,False,False,0.000828,0.010054,economy_trade,0.017935,0.030598,0.951466,0.048533,0.369542,0.630458,0.115073,0.7861210000000001,0.228344,1.706799,0.391952,0.526433,0,0,0,0,1,Europe,United Kingdom,University center,academic center / institute,Durham University,,China studies,,,,,,,,,,,,,,,,,,,,,2015.0,Europe,1,0,0,0,0,1,0,0,0,0,1,4.5
east_asian_institute,East Asian Institute,economic_or_sti_pragmatists,0.134091,False,False,0.006098,0.0419,economy_trade,0.007942,0.089601,0.902457,0.097543,0.081421,0.918579,0.902457,4.563204,5.084575,1.355406,0.0,1.495624,0,1,0,0,0,Asia,Singapore,Research institute,academic center / institute,National University of Singapore,,"East Asia and China politics, economy, society",,,,,,,,,,,,,,,,,,,,,1997.0,Asia-Pacific,0,1,0,0,0,1,0,0,0,0,0,-13.5
east_asian_studies_center,East Asian Studies Center,broad_neutral_analysts,0.246969,False,False,0.001535,0.005869,society_culture,0.010949,0.01857,0.970481,0.029519,0.370914,0.629086,0.136574,0.6899500000000001,0.60926,0.108255,0.003484,0.2318879999999999,0,0,0,0,1,North America,United States,University center,academic center / institute,Indiana University Bloomington,,East Asian studies incl. China,,,,,,,,,,,,,,,,,,,,,,North America,0,0,0,0,0,1,0,0,0,1,0,0.0
european_think_tank_network_on_china_etnc,European Think-tank Network on China (ETNC),selective_engagers,0.042424,True,False,0.014301,0.037059,security_strategy,0.040122,0.095386,0.864492,0.135508,0.296086,0.703914,0.3575199999999999,0.7311960000000001,1.16864,0.151668,0.035334,0.029813,0,0,1,0,0,Europe,Europe,Research network,network,Network coordinated by member think tanks,,European China policy analysis network,,,,,,,,,,,,,,,,,,,,,2014.0,Europe,1,0,0,0,1,0,0,0,0,0,1,3.5
fairbank_center_for_chinese_studies,Fairbank Center for Chinese Studies,security_hawks,0.158333,False,False,0.020644,0.011493,security_strategy,0.024534,0.073304,0.902163,0.097838,0.250761,0.749239,1.816661,4.094373,0.849426,0.215179,0.059446,1.218082,1,0,0,0,0,North America,United States,University research center,academic center / institute,Harvard University,,"Chinese studies, history, politics, society",,,,,,,,,,,,,,,,,,,,,1955.0,North America,0,0,0,0,0,1,0,0,0,0,0,-55.5
freeman_chair_in_china_studies,Freeman Chair in China Studies,security_hawks,0.256061,False,False,0.017285,0.004727,security_strategy,0.046403,0.082969,0.870628,0.129372,0.358679,0.641321,0.881529,3.285299,0.435911,0.138508,0.3705299999999999,0.234595,1,0,0,0,0,North America,United States,Think tank program,policy / think tank,Center for Strategic and International Studies,,"China strategy, security, and policy",,,,,,,,,,,,,,,,,,,,,1983.0,North America,0,0,0,1,0,0,0,0,0,0,0,-27.5
georgetown_initiative_for_u_s_china_dialogue_on_global_issues,Georgetown Initiative for U.S.-China Dialogue on Global Issues,security_hawks,0.007576,True,False,0.025771,0.0,security_strategy,0.042079,0.0,0.957921,0.042079,1.0,0.0,0.721598,0.0,0.0,0.0,0.076569,0.0,1,0,0,0,0,North America,United States,University dialogue platform / policy program,policy / think tank,Georgetown University,,"US-China dialogue, global issues, exchange",,,,,,,,,,,,,,,,,,,,,2019.0,North America,0,0,0,1,0,1,0,0,0,0,1,8.5
global_china_center,Global China Center,low_volume_unassigned,0.0,True,True,0.0,0.0,economy_trade,0.0,0.114468,0.885532,0.114468,0.0,1.0,0.0,0.951897,0.602043,0.037381,0.0,0.187329,0,0,0,0,0,Asia,Hong Kong,University research center,academic center / institute,Hong Kong University of Science and Technology,,"Global China studies, China's global impact and integration",,,,,,,,,,,,,,,,,,,,,2024.0,Asia-Pacific,0,1,0,0,0,1,0,0,0,0,1,13.5
hoover_china_s_global_sharp_power_project,Hoover China's Global Sharp Power Project,security_hawks,0.337121,False,False,0.089443,0.016615,security_strategy,0.149623,0.083874,0.766503,0.233497,0.640792,0.359208,3.577697,1.802784,0.491416,0.709227,0.90398,0.0618439999999999,1,0,0,0,0,North America,United States,Research project,program / project,"Hoover Institution, Stanford University",,Chinese influence and sharp power,,,,,,,,,,,,,,,,,,,,,2017.0,North America,0,0,0,0,1,1,0,0,0,0,1,6.5
hopkins_nanjing_center,Hopkins-Nanjing Center,selective_engagers,0.0,True,False,0.014741,0.075862,economy_trade,0.034855,0.148413,0.816732,0.183268,0.190186,0.809814,0.913955,2.818743,5.182188,0.211183,0.118355,0.467479,0,0,1,0,0,Asia / North America,China / United States,Joint academic center,joint center,Johns Hopkins SAIS & Nanjing University,Joint universities + donors,"China studies, international studies, bilingual graduate education",,,,,,,,,,,,,,,,,,,,,1986.0,Asia-Pacific,0,1,0,0,1,1,1,0,0,0,0,-24.5
institute_for_china_america_studies,Institute for China-America Studies,economic_or_sti_pragmatists,0.066667,True,False,0.002272,0.033795,security_strategy,0.005387,0.113276,0.881338,0.118663,0.045397,0.954603,0.065883,2.077995,0.862613,0.014115,0.013365,0.048304,0,1,0,0,0,Asia / North America,Hong Kong / United States,Think tank,policy / think tank,Independent think tank,,"U.S.-China relations, strategic issues",,,,,,,,,,,,,,,,,,,,,2016.0,Asia-Pacific,0,1,0,1,0,0,0,0,0,0,1,5.5
institute_of_asian_research_china_programs,Institute of Asian Research (China programs),broad_neutral_analysts,0.202272,False,False,0.000254,0.012362,governance_law,0.003334,0.045833,0.950833,0.049167,0.06781,0.93219,0.0332859999999999,1.110796,1.263381,0.255689,0.043835,1.275567,0,0,0,0,1,North America,Canada,University research institute,academic center / institute,University of British Columbia,,Asia research including China,,,,,,,,,,,,,,,,,,,,,,North America,0,0,0,0,0,1,0,0,0,1,0,0.0
institute_of_chinese_studies,Institute of Chinese Studies,economic_or_sti_pragmatists,0.0,True,False,0.010575,0.043439,security_strategy,0.023197,0.170695,0.806108,0.193892,0.119639,0.880361,0.306681,2.364534,0.970503,0.3756119999999999,0.0,0.550874,0,1,0,0,0,Asia,India,Research institute,academic center / institute,Independent / Delhi-based research institute,,"China studies, domestic and international Chinese developments",,,,,,,,,,,,,,,,,,,,,1993.0,Asia-Pacific,0,1,0,0,0,0,0,0,0,0,0,-17.5
institute_of_international_relations_china_studies_stream,Institute of International Relations - China studies stream,broad_neutral_analysts,0.635606,False,False,0.0,0.0,governance_law,0.0,0.0,1.0,0.0,0.0,0.0,0.0,0.0,0.0,0.0,0.0,0.0,0,0,0,0,1,Asia,Taiwan,University institute,academic center / institute,National Chengchi University,,China and cross-Strait studies,,,,,,,,,,,,,,,,,,,,,,Asia-Pacific,0,1,0,0,0,1,0,0,0,1,0,0.0
john_l_thornton_china_center,John L. Thornton China Center,dual_track_institutes,0.0,True,False,0.033184,0.054694,economy_trade,0.051676,0.11973,0.828594,0.171406,0.301483,0.698517,3.782944,3.628252,7.341947,0.036816,0.413839,0.903066,0,0,0,1,0,North America,United States,Think tank center,policy / think tank,Brookings Institution,,"China policy, US-China relations, Chinese internal development",,,,,,,,,,,,,,,,,,,,,2006.0,North America,0,0,0,1,0,0,0,0,0,0,0,-4.5
kissinger_institute_on_china_and_the_united_states,Kissinger Institute on China and the United States,low_volume_unassigned,0.0,True,True,0.0,0.0,economy_trade,0.069171,0.206736,0.724093,0.275907,0.250704,0.749296,0.328159,0.744509,1.484531,0.022394,0.0,0.138779,0,0,0,0,0,North America,United States,Policy institute,policy / think tank,Wilson Center,,"US-China relations, diplomacy, policy",,,,,,,,,,,,,,,,,,,,,2011.0,North America,0,0,0,1,0,0,0,0,0,0,1,0.5
lau_china_institute,Lau China Institute,broad_neutral_analysts,0.168181,False,False,0.009454,0.019179,security_strategy,0.022707,0.046007,0.931286,0.068714,0.330457,0.669543,0.917067,1.362461,1.487972,0.287141,0.600082,0.389049,0,0,0,0,1,Europe,United Kingdom,University institute,academic center / institute,King's College London,Gift from Dr. Ming-Wai Lau / Lau family,"Contemporary China, global engagement, policy, society",,,,,,,,,,,,,,,,,,,,,2016.0,Europe,1,0,0,0,0,1,1,1,0,0,1,5.5
leiden_asia_centre,Leiden Asia Centre,selective_engagers,0.0,True,False,0.009611,0.027022,security_strategy,0.017995,0.077072,0.904933,0.095067,0.189288,0.810712,0.8073549999999999,1.172695,1.833042,0.53253,0.4967709999999999,0.949589,0,0,1,0,0,Europe,Netherlands,Research institute,academic center / institute,Leiden University-affiliated independent not-for-profit,,"Asia policy research including China, technology, geopolitics",,,,,,,,,,,,,,,,,,,,,2016.0,Europe,1,0,0,0,0,1,0,0,0,0,1,5.5
manchester_china_institute,Manchester China Institute,security_hawks,0.216667,False,False,0.022503,0.009518,society_culture,0.054309,0.029829,0.915862,0.084138,0.645475,0.354525,1.485226,0.414684,0.381974,0.697238,0.51804,0.370525,1,0,0,0,0,Europe,United Kingdom,University institute,academic center / institute,University of Manchester,,"China research, students, and social responsibility",,,,,,,,,,,,,,,,,,,,,2018.0,Europe,1,0,0,0,0,1,0,0,0,0,1,7.5
mercator_institute_for_china_studies_merics,Mercator Institute for China Studies (MERICS),selective_engagers,0.0,True,False,0.009749,0.035536,economy_trade,0.022088,0.066988,0.910924,0.089076,0.247968,0.752032,0.360716,0.709689,0.623012,0.134027,0.022979,0.018083,0,0,1,0,0,Europe,Germany,Think tank,policy / think tank,Independent think tank,Founded by Stiftung Mercator; project sponsors and members,"Chinese politics, economy, technology, EU-China relations",,,,,,,,,,,,,,,,,,,,,2013.0,Europe,1,0,0,1,0,0,1,0,0,0,1,2.5
needham_research_institute,Needham Research Institute,broad_neutral_analysts,0.305303,False,False,0.00101,0.004511,society_culture,0.00707,0.020665,0.972265,0.027735,0.254913,0.745087,0.069686,0.074393,0.230435,0.079426,0.0,1.039821,0,0,0,0,1,Europe,United Kingdom,Independent research institute / charity,academic center / institute,Independent / Cambridge-affiliated charity,Charity donations,"History of science, technology, and medicine in China and East Asia",,,,,,,,,,,,,,,,,,,,,1991.0,Europe,1,0,0,0,0,0,1,1,0,0,0,-19.5
new_zealand_contemporary_china_research_centre,New Zealand Contemporary China Research Centre,dual_track_institutes,0.0,True,False,0.030782,0.024014,security_strategy,0.050075,0.081192,0.868733,0.131267,0.381474,0.618526,3.693846,4.693487999999999,2.536105,1.371152,0.094433,0.752249,0,0,0,1,0,Oceania,New Zealand,Research centre,academic center / institute,Victoria University of Wellington,,"Contemporary China, New Zealand-China relations",,,,,,,,,,,,,,,,,,,,,2009.0,Asia-Pacific,0,1,0,0,0,1,0,0,0,0,0,-1.5
nordic_institute_of_asian_studies,Nordic Institute of Asian Studies,security_hawks,0.012121,True,False,0.015715,0.012823,governance_law,0.020869,0.054953,0.924178,0.075822,0.275237,0.724763,2.671525,3.33189,1.402763,0.282337,0.237599,1.263229,1,0,0,0,0,Europe,Denmark,Research institute,academic center / institute,University of Copenhagen,,Asian studies including China,,,,,,,,,,,,,,,,,,,,,1967.0,Europe,1,0,0,0,0,1,0,0,0,0,0,-43.5
paul_tsai_china_center,Paul Tsai China Center,broad_neutral_analysts,0.205303,False,False,0.00725,0.005893,society_culture,0.026816,0.033001,0.940184,0.059817,0.448301,0.551699,0.79021,1.928981,0.954595,0.10136,0.412178,0.258259,0,0,0,0,1,North America,United States,University research center,academic center / institute,Yale University,Joseph C. Tsai donation,"Chinese law, governance, legal reform, US-China relations",,,,,,,,,,,,,,,,,,,,,1999.0,North America,0,0,0,0,0,1,1,1,0,0,0,-11.5
penn_project_on_the_future_of_u_s_china_relations,Penn Project on the Future of U.S.-China Relations,dual_track_institutes,0.0,True,False,0.038499,0.020689,security_strategy,0.05057,0.048329,0.901102,0.098899,0.51133,0.48867,10.009741,5.351781,2.516987,1.43984,1.686384,0.5869120000000001,0,0,0,1,0,North America,United States,University project,program / project,University of Pennsylvania,,U.S.-China relations,,,,,,,,,,,,,,,,,,,,,2012.0,North America,0,0,0,0,1,1,0,0,0,0,1,1.5
penn_wharton_china_center,Penn Wharton China Center,broad_neutral_analysts,0.103031,False,False,0.009994,0.019275,security_strategy,0.018253,0.053068,0.928679,0.071321,0.255927,0.744073,0.429761,0.244284,0.69851,0.166368,0.317476,0.229106,0,0,0,0,1,Asia / North America,China / United States,University China center,academic center / institute,University of Pennsylvania / Wharton,,"Research support, teaching support, events in China",,,,,,,,,,,,,,,,,,,,,2015.0,Asia-Pacific,0,1,0,0,0,1,0,0,0,0,1,4.5
princeton_china_center,Princeton China Center,security_hawks,0.410606,False,False,0.079454,0.004885,security_strategy,0.125542,0.107913,0.766545,0.233455,0.537757,0.462243,2.701446,2.629391,0.51898,0.0,0.326832,0.229126,1,0,0,0,0,North America / Asia,United States / China,University China center,academic center / institute,Princeton University,,Educational cooperation and academic exchanges with China,,,,,,,,,,,,,,,,,,,,,2017.0,Asia-Pacific,0,1,0,0,0,1,0,0,0,0,1,6.5
rsu_china_studies_centre,RSU China Studies Centre,low_volume_unassigned,0.0,True,True,0.0,0.0,security_strategy,0.060908,0.254613,0.684479,0.315521,0.193039,0.806961,0.088112,0.307957,0.21747,0.100176,0.003611,0.002708,0,0,0,0,0,Europe,Latvia,Research centre,academic center / institute,Riga Stradins University,,"China studies, East Asia dynamics, EU-China, NATO-China, Russia-China",,,,,,,,,,,,,,,,,,,,,2024.0,Europe,1,0,0,0,0,1,0,0,0,0,1,13.5
red_alc_china,Red ALC-China,low_volume_unassigned,0.0,True,True,0.0,0.0,economy_trade,0.0,0.0,1.0,0.0,0.0,0.0,0.0,0.0,0.0,0.0,0.0,0.0,0,0,0,0,0,Latin America,Regional network,Research network,network,Academic network,,China-Latin America research network,,,,,,,,,,,,,,,,,,,,,,Latin America,0,0,1,0,1,0,0,0,0,1,0,0.0
research_centre_for_china_s_heritage_studies,Research Centre for China's Heritage Studies,low_volume_unassigned,0.0,True,True,0.0,0.0,society_culture,0.0,0.0,1.0,0.0,0.0,0.0,0.0,0.0,0.0,0.0,0.0,0.0,0,0,0,0,0,Europe,United Kingdom,Research network,network,University of Central Lancashire,,China heritage studies,,,,,,,,,,,,,,,,,,,,,2012.0,Europe,1,0,0,0,1,1,0,0,0,0,1,1.5
soas_china_institute,SOAS China Institute,broad_neutral_analysts,0.44697,False,False,0.002957,0.003424,society_culture,0.019413,0.017195,0.963392,0.036608,0.530294,0.469706,0.476047,0.272623,0.901838,0.03958,0.997369,0.628759,0,0,0,0,1,Europe,United Kingdom,University institute,academic center / institute,SOAS University of London,SOAS support plus philanthropic gifts/donations,"Chinese studies, development, politics, society",,,,,,,,,,,,,,,,,,,,,2010.0,Europe,1,0,0,0,0,1,1,1,0,0,1,-0.5
sigur_center_for_asian_studies,Sigur Center for Asian Studies,dual_track_institutes,0.0,True,False,0.026591,0.030619,security_strategy,0.037071,0.136685,0.826243,0.173756,0.213351,0.786649,3.93542,13.596097,3.988364,1.010118,0.3614279999999999,0.569437,0,0,0,1,0,North America,United States,University center,academic center / institute,George Washington University,,Asian studies incl. China,,,,,,,,,,,,,,,,,,,,,1991.0,North America,0,0,0,0,0,1,0,0,0,0,0,-19.5
stanford_center_on_china_s_economy_and_institutions,Stanford Center on China's Economy and Institutions,broad_neutral_analysts,0.205303,False,False,0.000112,0.004103,society_culture,0.001227,0.015922,0.982851,0.017149,0.071549,0.928451,0.042283,0.375841,1.108019,0.6009509999999999,0.0,3.080917,0,0,0,0,1,North America,United States,University research center,academic center / institute,Stanford University,,"China's economy, institutions, policy",,,,,,,,,,,,,,,,,,,,,2013.0,North America,0,0,0,0,0,1,0,0,0,0,1,2.5
swedish_national_china_centre,Swedish National China Centre,low_volume_unassigned,0.0,True,True,0.0,0.0,security_strategy,0.088703,0.122279,0.789018,0.210982,0.420429,0.579571,0.346452,0.337289,0.235301,0.014706,0.137558,0.118397,0,0,0,0,0,Europe,Sweden,Policy research center,policy / think tank,Swedish Institute of International Affairs,Most activities financed by Swedish government funding,China-related topics relevant to Swedish interests,,,,,,,,,,,,,,,,,,,,,2021.0,Europe,1,0,0,1,0,0,1,0,1,0,1,10.5
the_china_institute,The China Institute,low_volume_unassigned,0.0,True,True,0.0,0.0,security_strategy,0.075483,0.106406,0.818111,0.181889,0.414995,0.585005,0.39043,0.306939,0.036833,0.0,0.0,0.0,0,0,0,0,0,North America,Canada,University institute,academic center / institute,University of Alberta,University-based institute with internal grants,"China policy, analysis, scholarship, Canada-China relations",,,,,,,,,,,,,,,,,,,,,2005.0,North America,0,0,0,0,0,1,1,0,0,0,0,-5.5
tsinghua_university_latin_america_center,Tsinghua University Latin America Center,low_volume_unassigned,0.0,True,True,0.0,0.0,economy_trade,0.0,0.0,1.0,0.0,0.0,0.0,0.0,0.0,0.0,0.0,0.0,0.0,0,0,0,0,0,Latin America / Asia,Chile / China,University liaison and research center,academic center / institute,Tsinghua University,Established with sponsorship of LUKSIC Group,"China-Latin America exchange, research, science and technology cooperation",,,,,,,,,,,,,,,,,,,,,2018.0,Asia-Pacific,0,1,0,0,0,1,1,0,0,0,1,7.5
usc_u_s_china_institute,USC U.S.-China Institute,security_hawks,0.149242,False,False,0.01935,0.010445,security_strategy,0.029794,0.049962,0.920245,0.079756,0.373564,0.626436,1.064256,0.836083,0.721069,0.124657,0.03368,0.717156,1,0,0,0,0,North America,United States,University institute,academic center / institute,University of Southern California,,"US-China exchange, policy-relevant research, training",,,,,,,,,,,,,,,,,,,,,2006.0,North America,0,0,0,0,0,1,0,0,0,0,0,-4.5
university_of_oxford_china_centre,University of Oxford China Centre,selective_engagers,0.0,True,False,0.011447,0.042316,security_strategy,0.019971,0.071282,0.908747,0.091253,0.218853,0.781147,2.312379,2.992535,3.974074,5.04908,0.950067,1.635567,0,0,1,0,0,Europe,United Kingdom,University center,academic center / institute,University of Oxford,Built with support from benefactors incl. Dickson Poon,Interdisciplinary China studies,,,,,,,,,,,,,,,,,,,,,2008.0,Europe,1,0,0,0,0,1,1,0,0,0,0,-2.5
weatherhead_east_asian_institute,Weatherhead East Asian Institute,security_hawks,0.08409,False,False,0.015072,0.01512,society_culture,0.025147,0.055122,0.919731,0.080269,0.313284,0.686716,1.808613,0.985274,1.322235,0.187217,0.8368500000000001,1.812831,1,0,0,0,0,North America,United States,University institute,academic center / institute,Columbia University,,East Asian studies incl. China,,,,,,,,,,,,,,,,,,,,,1949.0,North America,0,0,0,0,0,1,0,0,0,0,0,-61.5
